PIU3LW5BY5,9/30/2021 20:42
PIU8LU4O6S,9/30/2021 20:13
PIU0L27K5K,9/30/2021 13:43
PIU7L19T6L,9/30/2021 13:27
PIU8KUD2YE,9/30/2021 11:23
PIU9KKMK3J,9/30/2021 8:15
PIT4JHPRN8,9/29/2021 14:45
PIT2J8H918,9/29/2021 11:56
PIS6IRFJXO,9/28/2021 22:35
PIS5INWHW3,9/28/2021 21:04
PIS5INWHW3,9/28/2021 21:04
PIS2INFLA0,9/28/2021 20:56
PIS5I4BZO3,9/28/2021 16:53
PIS3HVUN2F,9/28/2021 14:21
PIS8HUU9NY,9/28/2021 14:02
PIS9HKFWK5,9/28/2021 10:44
PIS7HKE6NR,9/28/2021 10:43
PIS8HI2BBO,9/28/2021 9:58
PIS9HHDZN9,9/28/2021 9:44
PIR9H4ZEBD,9/27/2021 21:07
PIR5GJX4RL,9/27/2021 16:20
PIR3GDAD6P,9/27/2021 14:15
PIR0GCG1CI,9/27/2021 13:59
PIR5G9MOI1,9/27/2021 13:07
PIR5G9MOI1,9/27/2021 13:07
PIR4G9FFMM,9/27/2021 13:03
PIR5G4N9TJ,9/27/2021 11:30
PIR1G4G35R,9/27/2021 11:26
PIR8G3T2NU,9/27/2021 11:14
PIQ5F7AOWR,9/26/2021 17:12
PIQ8EYH77E,9/26/2021 14:32
PIQ4EGOUXC,9/26/2021 7:51
PIP0E133FE,9/25/2021 19:13
PIP0CSVP9U,9/25/2021 0:08
PIP8CSTF8G,9/25/2021 0:01
PIO5CSRTO5,9/24/2021 23:56
PIO5CSR8HN,9/24/2021 23:54
PIO4CSRETE,9/24/2021 23:54
PIO3CNZIUP,9/24/2021 20:58
PIO5CNSY17,9/24/2021 20:55
PIO9CGHMCP,9/24/2021 19:14
PIO4C4DQKY,9/24/2021 16:35
PIO5BK6OL3,9/24/2021 10:09
PIN7B5ZHIB,9/23/2021 21:06
PIN0B5TN66,9/23/2021 21:03
PIM98JTIG9,9/22/2021 10:03
PIM78JS59N,9/22/2021 10:02
PIK866RQSK,9/20/2021 17:13
PIK65Z1596,9/20/2021 14:52
PIK95YYNK3,9/20/2021 14:50
PIK75KMTX3,9/20/2021 10:10
PIJ059W55O,9/19/2021 22:34
PIJ259VDNG,9/19/2021 22:33
PIJ559JTVR,9/19/2021 22:18
PIJ44I5UXY,9/19/2021 14:29
PIJ449WH70,9/19/2021 11:41
PII53D1LVV,9/18/2021 17:32
PII53BA1BT,9/18/2021 17:05
PII134PGSF,9/18/2021 15:21
PII134PGSF,9/18/2021 15:21
PII630OPRM,9/18/2021 14:12
PII12QOM1L,9/18/2021 11:12
PIH52CBYKB,9/17/2021 22:27
PIH11PM52L,9/17/2021 16:42
PIG5ZKGWCZ,9/16/2021 19:34
PIG8Z98HF4,9/16/2021 17:14
PIG2YN5BHW,9/16/2021 10:14
PIF6XJBA8U,9/15/2021 14:58
PIF2X6XX2K,9/15/2021 11:02
PIF0X6O52A,9/15/2021 10:56
PIF0X6O52A,9/15/2021 10:56
PIF2X5SIO4,9/15/2021 10:39
PIE2WK6PIG,9/14/2021 19:41
PIE2VTQS5S,9/14/2021 12:58
PIE7VIF6FH,9/14/2021 9:14
PID7UPGZER,9/13/2021 17:18
PID1UH91X1,9/13/2021 14:52
PID1UH91X1,9/13/2021 14:52
PID6UH2Z16,9/13/2021 14:48
PID5U0N5E3,9/13/2021 9:30
PIC6T2AI9I,9/12/2021 15:19
PIB5RTTC2V,9/11/2021 17:26
PIB1RTKIW5,9/11/2021 17:22
PIB6R67EEI,9/11/2021 10:45
PIA4QGWEME,9/10/2021 19:05
PIA0Q1JEXW,9/10/2021 15:22
PI91O2DTK3,9/9/2021 9:21
PI80NQRKTU,9/8/2021 20:58
PI80NQRKTU,9/8/2021 20:58
PI86NQGOQG,9/8/2021 20:53
PI81NQ2YA1,9/8/2021 20:47
PI85N01FM9,9/8/2021 14:38
PI89MXNYEN,9/8/2021 13:57
PI82MXLQ3M,9/8/2021 13:56
PI86MXB0F0,9/8/2021 13:50
PI80MVZHK0,9/8/2021 13:28
PI82MVPMD4,9/8/2021 13:23
PI84MVJCJ6,9/8/2021 13:20
PI86MJ3ZHK,9/8/2021 9:33
PI72M5LKB8,9/7/2021 20:50
PI73LVBXZH,9/7/2021 18:43
PI77L5CKW7,9/7/2021 11:11
PI79L4GU2B,9/7/2021 10:54
PI79L4GU2B,9/7/2021 10:54
PI75L3FZMT,9/7/2021 10:34
PI68KR7J7I,9/6/2021 22:23
PI63KOVCDD,9/6/2021 21:19
PI60K30B10,9/6/2021 16:11
PI67JH2PEP,9/6/2021 9:21
PI67JH2PEP,9/6/2021 9:21
PI61J9MOCZ,9/6/2021 0:27
PI58IWLM14,9/5/2021 18:57
PI55ID93VL,9/5/2021 13:25
PI57ICJX19,9/5/2021 13:10
PI54HVM0PE,9/5/2021 0:01
PI45HSQVJJ,9/4/2021 21:44
PI48H90OXA,9/4/2021 17:06
PI34G1Z7B4,9/3/2021 19:45
PI36G1PGQC,9/3/2021 19:42
PI37F9MFVZ,9/3/2021 12:27
PI37F9MFVZ,9/3/2021 12:27
PI34F8FNV2,9/3/2021 12:04
PI26ENUT0A,9/2/2021 21:00
PI23EDAGMX,9/2/2021 18:42
PI23EDAGMX,9/2/2021 18:42
PI27DK7XI1,9/2/2021 10:12
PI22DK6TU4,9/2/2021 10:11
PI27DJUTW9,9/2/2021 10:05
PI10D1AFYW,9/1/2021 19:52
PI11D16T57,9/1/2021 19:51
PI16C5F1QM,9/1/2021 11:18
PI18C5E5G6,9/1/2021 11:18
PI15C3NHGJ,9/1/2021 10:44
PI17C3H2DP,9/1/2021 10:40
PI10C3FJ9W,9/1/2021 10:39
PI17C2XI25,9/1/2021 10:29
NDP8H0QOU,4/25/2019
